<differences>
	<difference>
		<className>net/sf/jasperreports/data/hibernate/HibernateConnectionProvider</className>
		<differenceType>8001</differenceType>
	</difference>
	<difference>
		<className>net/sf/jasperreports/engine/export/HtmlFont</className>
		<differenceType>7002</differenceType>
		<method>*getInstance(*)</method>
	</difference>
	<difference>
		<className>net/sf/jasperreports/engine/export/HtmlFont</className>
		<differenceType>7002</differenceType>
		<method>*getStyle(*)</method>
	</difference>
	<difference>
		<className>net/sf/jasperreports/engine/export/HtmlFontUtil</className>
		<differenceType>7002</differenceType>
		<method>*handle*Font(*)</method>
	</difference>
	<difference>
		<className>net/sf/jasperreports/web/util/FontWebResourceHandler</className>
		<differenceType>7002</differenceType>
		<method>*processFont(*)</method>
	</difference>
	<difference>
		<className>net/sf/jasperreports/engine/export/JRPdfExporterTagHelper</className>
		<differenceType>6001</differenceType>
		<field>crosstabFrameDepth</field>
	</difference>
	<difference>
		<className>net/sf/jasperreports/export/DocxExporterConfiguration</className>
		<differenceType>7012</differenceType>
		<method>*isEmbedFonts(*)</method>
	</difference>
	<difference>
		<className>net/sf/jasperreports/export/PptxExporterConfiguration</className>
		<differenceType>7012</differenceType>
		<method>*isEmbedFonts(*)</method>
	</difference>
	<difference>
		<className>net/sf/jasperreports/engine/export/ooxml/DocxRunHelper</className>
		<differenceType>7005</differenceType>
		<method>*DocxRunHelper*</method>
		<to>*DocxRunHelper*</to>
	</difference>
	<difference>
		<className>net/sf/jasperreports/engine/export/ooxml/PptxRunHelper</className>
		<differenceType>7005</differenceType>
		<method>*PptxRunHelper*</method>
		<to>*PptxRunHelper*</to>
	</difference>
	<difference>
		<className>net/sf/jasperreports/engine/export/ooxml/DocxSettingsHelper</className>
		<differenceType>7004</differenceType>
		<method>*export(*)</method>
	</difference>
	<difference>
		<className>net/sf/jasperreports/engine/export/ooxml/DocxStyleHelper</className>
		<differenceType>7004</differenceType>
		<method>*DocxStyleHelper(*)</method>
	</difference>
	<difference>
		<className>net/sf/jasperreports/engine/export/ooxml/PptxPresentationHelper</className>
		<differenceType>7004</differenceType>
		<method>*PptxPresentationHelper(*)</method>
	</difference>
	<difference>
		<className>net/sf/jasperreports/engine/export/ooxml/PptxPresentationHelper</className>
		<differenceType>7004</differenceType>
		<method>*exportHeader()</method>
	</difference>
	<difference>
		<className>net/sf/jasperreports/engine/export/zip/AbstractZip</className>
		<differenceType>6004</differenceType>
		<field>exportZipEntries</field>
		<from>java.util.List</from>
		<to>java.util.Map</to>
	</difference>
</differences>